{
  "TextureAtlas": {
    "imagePath": "numbers.png",
    "SubTexture": [
      {
        "name": "frame0.png",
        "x": "0",
        "y": "0",
        "width": "276",
        "height": "388"
      },
      {
        "name": "frame1.png",
        "x": "750",
        "y": "0",
        "width": "205",
        "height": "391"
      },
      {
        "name": "frame2.png",
        "x": "727",
        "y": "393",
        "width": "215",
        "height": "385"
      },
      {
        "name": "frame3.png",
        "x": "278",
        "y": "0",
        "width": "217",
        "height": "385"
      },
      {
        "name": "frame4.png",
        "x": "0",
        "y": "390",
        "width": "262",
        "height": "389"
      },
      {
        "name": "frame5.png",
        "x": "509",
        "y": "393",
        "width": "216",
        "height": "383"
      },
      {
        "name": "frame6.png",
        "x": "509",
        "y": "0",
        "width": "239",
        "height": "391"
      },
      {
        "name": "frame7.png",
        "x": "264",
        "y": "390",
        "width": "243",
        "height": "383"
      }
    ]
  }
}